{
	"id": "63df0bf8-d219-4632-a1ae-eb4ffe8c8538",
	"name": "SocialTv-prod",
	"values": [
		{
			"key": "baseUrl",
			"value": "https://codithtc.azurewebsites.net/api/v1/",
			"enabled": true
		},
		{
			"key": "phoneNumber",
			"value": "32474849994",
			"enabled": true
		},
		{
			"key": "apiKey",
			"value": "H@ckCr1s!s",
			"enabled": true
		},
		{
			"key": "boxId",
			"value": "ABC",
			"enabled": true
		},
		{
			"key": "boxActivationCode",
			"value": "f4cfeedd-4ec7-8c65-78cb-8f004622c391",
			"enabled": true
		}
}