{
  "$schema": "https://schema.management.azure.com/schemas/2015-01-01/deploymentTemplate.json#",
  "contentVersion": "1.0.0.0",
  "parameters": {
    "infra": {
      "type": "object",
      "metadata": {
        "description": "Provide the object that contains all info about the common infrastructure."
      }
    },
    "appInsightsName": {
      "defaultValue": "CoditFamilyView",
      "type": "String"
    },
    "appServicePlanName": {
      "defaultValue": "hack-the-crisis-plan",
      "type": "String"
    }
  },
  "variables": {
    "sites_codit_htc_name": "codit-htc",
    "sites_social_tv_name": "social-tv",
    "sites_CoditFamilyView_name": "CoditFamilyView",
    "sites_hack_the_crisis_api_name": "hack-the-crisis-api"
  },
  "resources": [
    {
      "type": "Microsoft.Web/sites",
      "apiVersion": "2018-11-01",
      "name": "[variables('sites_CoditFamilyView_name')]",
      "location": "West Europe",
      "dependsOn": [],
      "tags": {
        "[concat('hidden-related:', subscription().id, '/resourceGroups/', resourceGroup().name, '/providers/Microsoft.Web/serverfarms/', parameters('appServicePlanName'))]": "empty"
      },
      "kind": "app",
      "identity": {
        "principalId": "f035deed-cf67-48cb-b911-937e1682f4e4",
        "tenantId": "7517bc42-bcf8-4916-a677-b5753051f846",
        "type": "SystemAssigned"
      },
      "properties": {
        "enabled": true,
        "hostNameSslStates": [
          {
            "name": "coditfamilyview.azurewebsites.net",
            "sslState": "Disabled",
            "hostType": "Standard"
          },
          {
            "name": "coditfamilyview.scm.azurewebsites.net",
            "sslState": "Disabled",
            "hostType": "Repository"
          }
        ],
        "serverFarmId": "[resourceId('Microsoft.Web/serverfarms', parameters('appServicePlanName'))]",
        "reserved": false,
        "isXenon": false,
        "hyperV": false,
        "scmSiteAlsoStopped": false,
        "clientAffinityEnabled": true,
        "clientCertEnabled": false,
        "hostNamesDisabled": false,
        "containerSize": 0,
        "dailyMemoryTimeQuota": 0,
        "httpsOnly": true,
        "redundancyMode": "None"
      }
    },
    {
      "type": "Microsoft.Web/sites",
      "apiVersion": "2018-11-01",
      "name": "[variables('sites_codit_htc_name')]",
      "location": "West Europe",
      "dependsOn": [],
      "kind": "app",
      "identity": {
        "principalId": "93572dda-26be-4262-89fb-75ff9bec2bc2",
        "tenantId": "7517bc42-bcf8-4916-a677-b5753051f846",
        "type": "SystemAssigned"
      },
      "properties": {
        "enabled": true,
        "hostNameSslStates": [
          {
            "name": "[concat(variables('sites_codit_htc_name'), '.azurewebsites.net')]",
            "sslState": "Disabled",
            "hostType": "Standard"
          },
          {
            "name": "[concat(variables('sites_codit_htc_name'), '.scm.azurewebsites.net')]",
            "sslState": "Disabled",
            "hostType": "Repository"
          }
        ],
        "serverFarmId": "[resourceId('Microsoft.Web/serverfarms', parameters('appServicePlanName'))]",
        "reserved": false,
        "isXenon": false,
        "hyperV": false,
        "scmSiteAlsoStopped": false,
        "clientAffinityEnabled": true,
        "clientCertEnabled": false,
        "hostNamesDisabled": false,
        "containerSize": 0,
        "dailyMemoryTimeQuota": 0,
        "httpsOnly": false,
        "redundancyMode": "None"
      }
    },
    {
      "type": "Microsoft.Web/sites",
      "apiVersion": "2018-11-01",
      "name": "[variables('sites_hack_the_crisis_api_name')]",
      "location": "West Europe",
      "dependsOn": [],
      "kind": "app",
      "identity": {
        "principalId": "dfedc0bd-befe-4d44-ac46-20b8679f82a4",
        "tenantId": "7517bc42-bcf8-4916-a677-b5753051f846",
        "type": "SystemAssigned"
      },
      "properties": {
        "enabled": true,
        "hostNameSslStates": [
          {
            "name": "[concat(variables('sites_hack_the_crisis_api_name'), '.azurewebsites.net')]",
            "sslState": "Disabled",
            "hostType": "Standard"
          },
          {
            "name": "[concat(variables('sites_hack_the_crisis_api_name'), '.scm.azurewebsites.net')]",
            "sslState": "Disabled",
            "hostType": "Repository"
          }
        ],
        "serverFarmId": "[resourceId('Microsoft.Web/serverfarms', parameters('appServicePlanName'))]",
        "reserved": false,
        "isXenon": false,
        "hyperV": false,
        "scmSiteAlsoStopped": false,
        "clientAffinityEnabled": true,
        "clientCertEnabled": false,
        "hostNamesDisabled": false,
        "containerSize": 0,
        "dailyMemoryTimeQuota": 0,
        "httpsOnly": false,
        "redundancyMode": "None"
      }
    },
    {
      "type": "Microsoft.Web/sites",
      "apiVersion": "2018-11-01",
      "name": "[variables('sites_social_tv_name')]",
      "location": "West Europe",
      "dependsOn": [],
      "kind": "app",
      "identity": {
        "principalId": "218d0784-853d-4e55-b163-00bf5f621414",
        "tenantId": "7517bc42-bcf8-4916-a677-b5753051f846",
        "type": "SystemAssigned"
      },
      "properties": {
        "enabled": true,
        "hostNameSslStates": [
          {
            "name": "[concat(variables('sites_social_tv_name'), '.azurewebsites.net')]",
            "sslState": "Disabled",
            "hostType": "Standard"
          },
          {
            "name": "[concat(variables('sites_social_tv_name'), '.scm.azurewebsites.net')]",
            "sslState": "Disabled",
            "hostType": "Repository"
          }
        ],
        "serverFarmId": "[resourceId('Microsoft.Web/serverfarms', parameters('appServicePlanName'))]",
        "reserved": false,
        "isXenon": false,
        "hyperV": false,
        "scmSiteAlsoStopped": false,
        "clientAffinityEnabled": true,
        "clientCertEnabled": false,
        "hostNamesDisabled": false,
        "containerSize": 0,
        "dailyMemoryTimeQuota": 0,
        "httpsOnly": false,
        "redundancyMode": "None"
      }
    },
    {
      "type": "Microsoft.Web/sites/config",
      "apiVersion": "2018-11-01",
      "name": "[concat(variables('sites_CoditFamilyView_name'), '/web')]",
      "location": "West Europe",
      "dependsOn": [
        "[resourceId('Microsoft.Web/sites', variables('sites_CoditFamilyView_name'))]"
      ],
      "tags": {
        "[concat('hidden-related:', subscription().id, '/resourceGroups/', resourceGroup().name, '/providers/Microsoft.Web/serverfarms/', parameters('appServicePlanName'))]": "empty"
      },
      "properties": {
        "numberOfWorkers": 1,
        "defaultDocuments": [
          "Default.htm",
          "Default.html",
          "Default.asp",
          "index.htm",
          "index.html",
          "iisstart.htm",
          "default.aspx",
          "index.php",
          "hostingstart.html"
        ],
        "netFrameworkVersion": "v4.0",
        "phpVersion": "5.6",
        "requestTracingEnabled": false,
        "remoteDebuggingEnabled": false,
        "remoteDebuggingVersion": "VS2019",
        "httpLoggingEnabled": false,
        "logsDirectorySizeLimit": 35,
        "detailedErrorLoggingEnabled": false,
        "publishingUsername": "$CoditFamilyView",
        "scmType": "None",
        "use32BitWorkerProcess": true,
        "webSocketsEnabled": false,
        "alwaysOn": false,
        "managedPipelineMode": "Integrated",
        "virtualApplications": [
          {
            "virtualPath": "/",
            "physicalPath": "site\\wwwroot",
            "preloadEnabled": false
          }
        ],
        "loadBalancing": "LeastRequests",
        "experiments": {
          "rampUpRules": []
        },
        "autoHealEnabled": false,
        "localMySqlEnabled": false,
        "managedServiceIdentityId": 12275,
        "ipSecurityRestrictions": [
          {
            "ipAddress": "Any",
            "action": "Allow",
            "priority": 1,
            "name": "Allow all",
            "description": "Allow all access"
          }
        ],
        "scmIpSecurityRestrictions": [
          {
            "ipAddress": "Any",
            "action": "Allow",
            "priority": 1,
            "name": "Allow all",
            "description": "Allow all access"
          }
        ],
        "scmIpSecurityRestrictionsUseMain": false,
        "http20Enabled": false,
        "minTlsVersion": "1.2",
        "ftpsState": "AllAllowed",
        "reservedInstanceCount": 0
      }
    },
    {
      "type": "Microsoft.Web/sites/config",
      "apiVersion": "2018-11-01",
      "name": "[concat(variables('sites_codit_htc_name'), '/web')]",
      "location": "West Europe",
      "dependsOn": [
        "[resourceId('Microsoft.Web/sites', variables('sites_codit_htc_name'))]"
      ],
      "properties": {
        "numberOfWorkers": 1,
        "defaultDocuments": [
          "Default.htm",
          "Default.html",
          "Default.asp",
          "index.htm",
          "index.html",
          "iisstart.htm",
          "default.aspx",
          "index.php",
          "hostingstart.html"
        ],
        "netFrameworkVersion": "v4.0",
        "phpVersion": "5.6",
        "requestTracingEnabled": true,
        "requestTracingExpirationTime": "9999-12-31T23:59:00Z",
        "remoteDebuggingEnabled": false,
        "remoteDebuggingVersion": "VS2019",
        "httpLoggingEnabled": false,
        "logsDirectorySizeLimit": 35,
        "detailedErrorLoggingEnabled": true,
        "publishingUsername": "$codit-htc",
        "scmType": "VSTSRM",
        "use32BitWorkerProcess": true,
        "webSocketsEnabled": false,
        "alwaysOn": false,
        "managedPipelineMode": "Integrated",
        "virtualApplications": [
          {
            "virtualPath": "/",
            "physicalPath": "site\\wwwroot",
            "preloadEnabled": false
          }
        ],
        "loadBalancing": "LeastRequests",
        "experiments": {
          "rampUpRules": []
        },
        "autoHealEnabled": false,
        "localMySqlEnabled": false,
        "managedServiceIdentityId": 12496,
        "ipSecurityRestrictions": [
          {
            "ipAddress": "Any",
            "action": "Allow",
            "priority": 1,
            "name": "Allow all",
            "description": "Allow all access"
          }
        ],
        "scmIpSecurityRestrictions": [
          {
            "ipAddress": "Any",
            "action": "Allow",
            "priority": 1,
            "name": "Allow all",
            "description": "Allow all access"
          }
        ],
        "scmIpSecurityRestrictionsUseMain": false,
        "http20Enabled": false,
        "minTlsVersion": "1.2",
        "ftpsState": "AllAllowed",
        "reservedInstanceCount": 0
      }
    },
    {
      "type": "Microsoft.Web/sites/config",
      "apiVersion": "2018-11-01",
      "name": "[concat(variables('sites_hack_the_crisis_api_name'), '/web')]",
      "location": "West Europe",
      "dependsOn": [
        "[resourceId('Microsoft.Web/sites', variables('sites_hack_the_crisis_api_name'))]"
      ],
      "properties": {
        "numberOfWorkers": 1,
        "defaultDocuments": [
          "Default.htm",
          "Default.html",
          "Default.asp",
          "index.htm",
          "index.html",
          "iisstart.htm",
          "default.aspx",
          "index.php",
          "hostingstart.html"
        ],
        "netFrameworkVersion": "v4.0",
        "phpVersion": "5.6",
        "requestTracingEnabled": false,
        "remoteDebuggingEnabled": false,
        "remoteDebuggingVersion": "VS2019",
        "httpLoggingEnabled": false,
        "logsDirectorySizeLimit": 35,
        "detailedErrorLoggingEnabled": false,
        "publishingUsername": "$hack-the-crisis-api",
        "scmType": "None",
        "use32BitWorkerProcess": true,
        "webSocketsEnabled": false,
        "alwaysOn": true,
        "managedPipelineMode": "Integrated",
        "virtualApplications": [
          {
            "virtualPath": "/",
            "physicalPath": "site\\wwwroot",
            "preloadEnabled": true
          }
        ],
        "loadBalancing": "LeastRequests",
        "experiments": {
          "rampUpRules": []
        },
        "autoHealEnabled": false,
        "localMySqlEnabled": false,
        "managedServiceIdentityId": 12510,
        "ipSecurityRestrictions": [
          {
            "ipAddress": "Any",
            "action": "Allow",
            "priority": 1,
            "name": "Allow all",
            "description": "Allow all access"
          }
        ],
        "scmIpSecurityRestrictions": [
          {
            "ipAddress": "Any",
            "action": "Allow",
            "priority": 1,
            "name": "Allow all",
            "description": "Allow all access"
          }
        ],
        "scmIpSecurityRestrictionsUseMain": false,
        "http20Enabled": false,
        "minTlsVersion": "1.2",
        "ftpsState": "AllAllowed",
        "reservedInstanceCount": 0
      }
    },
    {
      "type": "Microsoft.Web/sites/config",
      "apiVersion": "2018-11-01",
      "name": "[concat(variables('sites_social_tv_name'), '/web')]",
      "location": "West Europe",
      "dependsOn": [
        "[resourceId('Microsoft.Web/sites', variables('sites_social_tv_name'))]"
      ],
      "properties": {
        "numberOfWorkers": 1,
        "defaultDocuments": [
          "Default.htm",
          "Default.html",
          "Default.asp",
          "index.htm",
          "index.html",
          "iisstart.htm",
          "default.aspx",
          "index.php",
          "hostingstart.html"
        ],
        "netFrameworkVersion": "v4.0",
        "phpVersion": "5.6",
        "requestTracingEnabled": false,
        "remoteDebuggingEnabled": false,
        "remoteDebuggingVersion": "VS2019",
        "httpLoggingEnabled": false,
        "logsDirectorySizeLimit": 35,
        "detailedErrorLoggingEnabled": false,
        "publishingUsername": "$social-tv",
        "scmType": "None",
        "use32BitWorkerProcess": true,
        "webSocketsEnabled": false,
        "alwaysOn": true,
        "managedPipelineMode": "Integrated",
        "virtualApplications": [
          {
            "virtualPath": "/",
            "physicalPath": "site\\wwwroot",
            "preloadEnabled": true
          }
        ],
        "loadBalancing": "LeastRequests",
        "experiments": {
          "rampUpRules": []
        },
        "autoHealEnabled": false,
        "localMySqlEnabled": false,
        "managedServiceIdentityId": 12511,
        "ipSecurityRestrictions": [
          {
            "ipAddress": "Any",
            "action": "Allow",
            "priority": 1,
            "name": "Allow all",
            "description": "Allow all access"
          }
        ],
        "scmIpSecurityRestrictions": [
          {
            "ipAddress": "Any",
            "action": "Allow",
            "priority": 1,
            "name": "Allow all",
            "description": "Allow all access"
          }
        ],
        "scmIpSecurityRestrictionsUseMain": false,
        "http20Enabled": false,
        "minTlsVersion": "1.2",
        "ftpsState": "AllAllowed",
        "reservedInstanceCount": 0
      }
    },
    {
      "type": "Microsoft.Web/sites/hostNameBindings",
      "apiVersion": "2018-11-01",
      "name": "[concat(variables('sites_CoditFamilyView_name'), '/', variables('sites_CoditFamilyView_name'), '.azurewebsites.net')]",
      "location": "West Europe",
      "dependsOn": [
        "[resourceId('Microsoft.Web/sites', variables('sites_CoditFamilyView_name'))]"
      ],
      "properties": {
        "siteName": "CoditFamilyView",
        "hostNameType": "Verified"
      }
    },
    {
      "type": "Microsoft.Web/sites/hostNameBindings",
      "apiVersion": "2018-11-01",
      "name": "[concat(variables('sites_codit_htc_name'), '/', variables('sites_codit_htc_name'), '.azurewebsites.net')]",
      "location": "West Europe",
      "dependsOn": [
        "[resourceId('Microsoft.Web/sites', variables('sites_codit_htc_name'))]"
      ],
      "properties": {
        "siteName": "codit-htc",
        "hostNameType": "Verified"
      }
    },
    {
      "type": "Microsoft.Web/sites/hostNameBindings",
      "apiVersion": "2018-11-01",
      "name": "[concat(variables('sites_hack_the_crisis_api_name'), '/', variables('sites_hack_the_crisis_api_name'), '.azurewebsites.net')]",
      "location": "West Europe",
      "dependsOn": [
        "[resourceId('Microsoft.Web/sites', variables('sites_hack_the_crisis_api_name'))]"
      ],
      "properties": {
        "siteName": "hack-the-crisis-api",
        "hostNameType": "Verified"
      }
    },
    {
      "type": "Microsoft.Web/sites/hostNameBindings",
      "apiVersion": "2018-11-01",
      "name": "[concat(variables('sites_social_tv_name'), '/', variables('sites_social_tv_name'), '.azurewebsites.net')]",
      "location": "West Europe",
      "dependsOn": [
        "[resourceId('Microsoft.Web/sites', variables('sites_social_tv_name'))]"
      ],
      "properties": {
        "siteName": "social-tv",
        "hostNameType": "Verified"
      }
    }
  ]
}