{
  "$schema": "https://schema.management.azure.com/schemas/2015-01-01/deploymentTemplate.json#",
  "contentVersion": "1.0.0.0",
  "parameters": {
    "infra": {
      "type": "object",
      "metadata": {
        "description": "Provide the object that contains all info about the common infrastructure."
      }
    },
    "webSiteName": {
      "defaultValue": "CoditFamilyView",
      "type": "string"
    }
  },
  "variables": {
    "appInsightsName": "CoditFamilyView"
  },
  "resources": [
    {
      "type": "microsoft.insights/components",
      "apiVersion": "2015-05-01",
      "name": "[variables('appInsightsName')]",
      "location": "[resourceGroup().location]",
      "tags": {
        "[concat('hidden-link:', resourceGroup().id, '/providers/Microsoft.Web/sites/', parameters('webSiteName'))]": "Resource"
      },
      "kind": "web",
      "properties": {
        "Application_Type": "web",
        "Flow_Type": "Redfield",
        "Request_Source": "WebTools16.0"
      }
    }
  ]
}