{
  "$schema": "https://schema.management.azure.com/schemas/2015-01-01/deploymentTemplate.json#",
  "contentVersion": "1.0.0.0",
  "parameters": {
    "infra": {
      "type": "object",
      "metadata": {
        "description": "Provide the object that contains all info about the common infrastructure."
      }
    }
  },
  "variables": {
    "storageAccountName": "codithtc",
    "storageAccountName_ideally": "[concat(parameters('infra').environment, 'codithtc', uniqueString(resourceGroup().id))]",
    "appServicePlanName": "hack-the-crisis-plan",
    "appServicePlanName_ideally": "[concat(parameters('infra').environment, '-hack-the-crisis-plan-', parameters('infra').region)]",
    "keyVaultName": "[concat('/subscriptions/', subscription().subscriptionId, '/resourceGroups/', resourceGroup().name, '/providers/microsoft.insights/components/', 'codit-htc')]"
  },
  "resources": [
    {
      "type": "Microsoft.Storage/storageAccounts",
      "apiVersion": "2019-06-01",
      "name": "[variables('storageAccountName')]",
      "location": "[resourceGroup().location]",
      "sku": {
        "name": "Standard_RAGRS",
        "tier": "Standard"
      },
      "kind": "StorageV2",
      "properties": {
        "isHnsEnabled": true,
        "networkAcls": {
          "bypass": "AzureServices",
          "virtualNetworkRules": [],
          "ipRules": [],
          "defaultAction": "Allow"
        },
        "supportsHttpsTrafficOnly": true,
        "encryption": {
          "services": {
            "file": {
              "keyType": "Account",
              "enabled": true
            },
            "blob": {
              "keyType": "Account",
              "enabled": true
            }
          },
          "keySource": "Microsoft.Storage"
        },
        "accessTier": "Hot"
      }
    },
    {
      "type": "Microsoft.Web/serverfarms",
      "apiVersion": "2018-02-01",
      "name": "[variables('appServicePlanName')]",
      "location": "West Europe",
      "sku": {
        "name": "S1",
        "tier": "Standard",
        "size": "S1",
        "family": "S",
        "capacity": 1
      },
      "kind": "app",
      "properties": {
        "perSiteScaling": false,
        "maximumElasticWorkerCount": 1,
        "isSpot": false,
        "reserved": false,
        "isXenon": false,
        "hyperV": false,
        "targetWorkerCount": 0,
        "targetWorkerSizeId": 0
      }
    },
    {
      "type": "Microsoft.Storage/storageAccounts/blobServices",
      "apiVersion": "2019-06-01",
      "name": "[concat(variables('storageAccountName'), '/default')]",
      "dependsOn": [
        "[resourceId('Microsoft.Storage/storageAccounts', variables('storageAccountName'))]"
      ],
      "sku": {
        "name": "Standard_RAGRS",
        "tier": "Standard"
      },
      "properties": {
        "cors": {
          "corsRules": []
        },
        "deleteRetentionPolicy": {
          "enabled": false
        }
      }
    },
    {
      "type": "Microsoft.Storage/storageAccounts/fileServices",
      "apiVersion": "2019-06-01",
      "name": "[concat(variables('storageAccountName'), '/default')]",
      "dependsOn": [
        "[resourceId('Microsoft.Storage/storageAccounts', variables('storageAccountName'))]"
      ],
      "sku": {
        "name": "Standard_RAGRS",
        "tier": "Standard"
      },
      "properties": {
        "cors": {
          "corsRules": []
        }
      }
    },
    {
      "type": "Microsoft.Storage/storageAccounts/blobServices/containers",
      "apiVersion": "2019-06-01",
      "name": "[concat(variables('storageAccountName'), '/default/18fcc86f-a1ef-a24d-6cb8-e012eb60eeb8')]",
      "dependsOn": [
        "[resourceId('Microsoft.Storage/storageAccounts/blobServices', variables('storageAccountName'), 'default')]",
        "[resourceId('Microsoft.Storage/storageAccounts', variables('storageAccountName'))]"
      ],
      "properties": {
        "publicAccess": "None"
      }
    },
    {
      "type": "Microsoft.Storage/storageAccounts/blobServices/containers",
      "apiVersion": "2019-06-01",
      "name": "[concat(variables('storageAccountName'), '/default/2a4dcee5-897c-1d21-9519-bb4b44d3c7f7')]",
      "dependsOn": [
        "[resourceId('Microsoft.Storage/storageAccounts/blobServices', variables('storageAccountName'), 'default')]",
        "[resourceId('Microsoft.Storage/storageAccounts', variables('storageAccountName'))]"
      ],
      "properties": {
        "publicAccess": "None"
      }
    },
    {
      "type": "Microsoft.Storage/storageAccounts/blobServices/containers",
      "apiVersion": "2019-06-01",
      "name": "[concat(variables('storageAccountName'), '/default/40ad9c9c-bbb2-8b4b-489f-4047f430fae7')]",
      "dependsOn": [
        "[resourceId('Microsoft.Storage/storageAccounts/blobServices', variables('storageAccountName'), 'default')]",
        "[resourceId('Microsoft.Storage/storageAccounts', variables('storageAccountName'))]"
      ],
      "properties": {
        "publicAccess": "None"
      }
    },
    {
      "type": "Microsoft.Storage/storageAccounts/blobServices/containers",
      "apiVersion": "2019-06-01",
      "name": "[concat(variables('storageAccountName'), '/default/4177a401-5dff-e82c-4812-feb70321f217')]",
      "dependsOn": [
        "[resourceId('Microsoft.Storage/storageAccounts/blobServices', variables('storageAccountName'), 'default')]",
        "[resourceId('Microsoft.Storage/storageAccounts', variables('storageAccountName'))]"
      ],
      "properties": {
        "publicAccess": "None"
      }
    },
    {
      "type": "Microsoft.Storage/storageAccounts/blobServices/containers",
      "apiVersion": "2019-06-01",
      "name": "[concat(variables('storageAccountName'), '/default/43e0aed2-e28e-95fb-6bcb-f22008962e95')]",
      "dependsOn": [
        "[resourceId('Microsoft.Storage/storageAccounts/blobServices', variables('storageAccountName'), 'default')]",
        "[resourceId('Microsoft.Storage/storageAccounts', variables('storageAccountName'))]"
      ],
      "properties": {
        "publicAccess": "None"
      }
    },
    {
      "type": "Microsoft.Storage/storageAccounts/blobServices/containers",
      "apiVersion": "2019-06-01",
      "name": "[concat(variables('storageAccountName'), '/default/c641b3b9-a077-89d5-c802-8fb6cde45f7a')]",
      "dependsOn": [
        "[resourceId('Microsoft.Storage/storageAccounts/blobServices', variables('storageAccountName'), 'default')]",
        "[resourceId('Microsoft.Storage/storageAccounts', variables('storageAccountName'))]"
      ],
      "properties": {
        "publicAccess": "None"
      }
    },
    {
      "type": "Microsoft.Storage/storageAccounts/blobServices/containers",
      "apiVersion": "2019-06-01",
      "name": "[concat(variables('storageAccountName'), '/default/dac39579-76b8-ecc3-a14b-1cd6afdfcf37')]",
      "dependsOn": [
        "[resourceId('Microsoft.Storage/storageAccounts/blobServices', variables('storageAccountName'), 'default')]",
        "[resourceId('Microsoft.Storage/storageAccounts', variables('storageAccountName'))]"
      ],
      "properties": {
        "publicAccess": "None"
      }
    },
    {
      "type": "Microsoft.Storage/storageAccounts/blobServices/containers",
      "apiVersion": "2019-06-01",
      "name": "[concat(variables('storageAccountName'), '/default/demobox')]",
      "dependsOn": [
        "[resourceId('Microsoft.Storage/storageAccounts/blobServices', variables('storageAccountName'), 'default')]",
        "[resourceId('Microsoft.Storage/storageAccounts', variables('storageAccountName'))]"
      ],
      "properties": {
        "publicAccess": "None"
      }
    },
    {
      "type": "Microsoft.Storage/storageAccounts/blobServices/containers",
      "apiVersion": "2019-06-01",
      "name": "[concat(variables('storageAccountName'), '/default/e6dfdf82-01b2-8a39-6991-41612a934f3b')]",
      "dependsOn": [
        "[resourceId('Microsoft.Storage/storageAccounts/blobServices', variables('storageAccountName'), 'default')]",
        "[resourceId('Microsoft.Storage/storageAccounts', variables('storageAccountName'))]"
      ],
      "properties": {
        "publicAccess": "None"
      }
    },
    {
      "type": "Microsoft.Storage/storageAccounts/blobServices/containers",
      "apiVersion": "2019-06-01",
      "name": "[concat(variables('storageAccountName'), '/default/f4cfeedd-4ec7-8c65-78cb-8f004622c391')]",
      "dependsOn": [
        "[resourceId('Microsoft.Storage/storageAccounts/blobServices', variables('storageAccountName'), 'default')]",
        "[resourceId('Microsoft.Storage/storageAccounts', variables('storageAccountName'))]"
      ],
      "properties": {
        "publicAccess": "None"
      }
    },
    {
      "type": "Microsoft.Storage/storageAccounts/blobServices/containers",
      "apiVersion": "2019-06-01",
      "name": "[concat(variables('storageAccountName'), '/default/fbe66b7d-def3-0474-d045-4ea80b835e5d')]",
      "dependsOn": [
        "[resourceId('Microsoft.Storage/storageAccounts/blobServices', variables('storageAccountName'), 'default')]",
        "[resourceId('Microsoft.Storage/storageAccounts', variables('storageAccountName'))]"
      ],
      "properties": {
        "publicAccess": "None"
      }
    },
    {
      "type": "Microsoft.Storage/storageAccounts/blobServices/containers",
      "apiVersion": "2019-06-01",
      "name": "[concat(variables('storageAccountName'), '/default/imagesfr')]",
      "dependsOn": [
        "[resourceId('Microsoft.Storage/storageAccounts/blobServices', variables('storageAccountName'), 'default')]",
        "[resourceId('Microsoft.Storage/storageAccounts', variables('storageAccountName'))]"
      ],
      "properties": {
        "publicAccess": "None"
      }
    },
    {
      "type": "Microsoft.Storage/storageAccounts/blobServices/containers",
      "apiVersion": "2019-06-01",
      "name": "[concat(variables('storageAccountName'), '/default/imagesnl')]",
      "dependsOn": [
        "[resourceId('Microsoft.Storage/storageAccounts/blobServices', variables('storageAccountName'), 'default')]",
        "[resourceId('Microsoft.Storage/storageAccounts', variables('storageAccountName'))]"
      ],
      "properties": {
        "publicAccess": "None"
      }
    },
    {
      "type": "Microsoft.Storage/storageAccounts/blobServices/containers",
      "apiVersion": "2019-06-01",
      "name": "[concat(variables('storageAccountName'), '/default/public')]",
      "dependsOn": [
        "[resourceId('Microsoft.Storage/storageAccounts/blobServices', variables('storageAccountName'), 'default')]",
        "[resourceId('Microsoft.Storage/storageAccounts', variables('storageAccountName'))]"
      ],
      "properties": {
        "publicAccess": "Blob"
      }
    },
    {
      "type": "Microsoft.Storage/storageAccounts/blobServices/containers",
      "apiVersion": "2019-06-01",
      "name": "[concat(variables('storageAccountName'), '/default/test')]",
      "dependsOn": [
        "[resourceId('Microsoft.Storage/storageAccounts/blobServices', variables('storageAccountName'), 'default')]",
        "[resourceId('Microsoft.Storage/storageAccounts', variables('storageAccountName'))]"
      ],
      "properties": {
        "publicAccess": "None"
      }
    }
  ]
}
