<?xml version="1.0"?>
<doc>
    <assembly>
        <name>CommunicationApi</name>
    </assembly>
    <members>
        <member name="T:CommunicationApi.Controllers.BoxController">
            <summary>
            API endpoint to get content that was sent.
            </summary>
        </member>
        <member name="M:CommunicationApi.Controllers.BoxController.#ctor(CommunicationApi.Interfaces.IBoxStore,AutoMapper.IMapper,Microsoft.Extensions.Logging.ILogger{CommunicationApi.Controllers.BoxController})">
            <summary>
            Initializes a new instance of the <see cref="T:CommunicationApi.Controllers.BoxController"/> class.
            </summary>
        </member>
        <member name="M:CommunicationApi.Controllers.BoxController.New">
            <summary>
                Register Box
            </summary>
            <remarks>Register a new box.</remarks>
        </member>
        <member name="M:CommunicationApi.Controllers.BoxController.GetStatus(System.String)">
            <summary>
                Get Box Status
            </summary>
            <remarks>Get status for a registered box.</remarks>
        </member>
        <member name="T:CommunicationApi.Controllers.ContentController">
            <summary>
            API endpoint to get content that was sent.
            </summary>
        </member>
        <member name="M:CommunicationApi.Controllers.ContentController.#ctor(Microsoft.Extensions.Logging.ILogger{CommunicationApi.Controllers.ContentController},System.Collections.Generic.IEnumerable{CommunicationApi.Interfaces.IMediaServiceProvider},CommunicationApi.Interfaces.IBoxStore)">
            <summary>
            Initializes a new instance of the <see cref="T:CommunicationApi.Controllers.ContentController"/> class.
            </summary>
        </member>
        <member name="M:CommunicationApi.Controllers.ContentController.GetMessages(System.String)">
            <summary>
                Get Messages
            </summary>
            <remarks>Get messages that were sent to the user.</remarks>
        </member>
        <member name="M:CommunicationApi.Controllers.ContentController.GetImages(System.String)">
            <summary>
                Get Images
            </summary>
            <remarks>Get images that were sent to the user.</remarks>
        </member>
        <member name="T:CommunicationApi.Controllers.HealthController">
            <summary>
            API endpoint to check the health of the application.
            </summary>
        </member>
        <member name="M:CommunicationApi.Controllers.HealthController.#ctor(Microsoft.Extensions.Diagnostics.HealthChecks.HealthCheckService)">
            <summary>
            Initializes a new instance of the <see cref="T:CommunicationApi.Controllers.HealthController"/> class.
            </summary>
            <param name="healthCheckService">The service to provide the health of the API application.</param>
        </member>
        <member name="M:CommunicationApi.Controllers.HealthController.Get">
            <summary>
                Get Health
            </summary>
            <remarks>Provides an indication about the health of the API.</remarks>
            <response code="200">API is healthy</response>
            <response code="503">API is unhealthy or in degraded state</response>
        </member>
        <member name="T:CommunicationApi.Controllers.WhatsAppController">
            <summary>
            API endpoint to interact with WhatsApp.
            </summary>
        </member>
        <member name="M:CommunicationApi.Controllers.WhatsAppController.#ctor(CommunicationApi.Interfaces.IWhatsappHandlerService,Microsoft.Extensions.Logging.ILogger{CommunicationApi.Controllers.WhatsAppController})">
            <summary>
            Initializes a new instance of the <see cref="T:CommunicationApi.Controllers.WhatsAppController"/> class.
            </summary>
            <param name="whatsappHandlerService">The service to handle the WhatsApp requests of the API application.</param>
        </member>
        <member name="M:CommunicationApi.Controllers.WhatsAppController.Post(Microsoft.AspNetCore.Http.IFormCollection)">
            <summary>
                Handle Request
            </summary>
            <remarks>Handles incoming Whatsapp requests.</remarks>
        </member>
        <member name="M:CommunicationApi.Startup.#ctor(Microsoft.Extensions.Configuration.IConfiguration)">
            <summary>
            Initializes a new instance of the <see cref="T:CommunicationApi.Startup"/> class.
            </summary>
        </member>
        <member name="P:CommunicationApi.Startup.Configuration">
            <summary>
            Gets the configuration of key/value application properties.
            </summary>
        </member>
    </members>
</doc>
